Designator,Mid X,Mid Y,Layer,Rotation
AM1,94.200000,-48.500000,Bottom,90.000000
AM2,188.400000,-48.525000,Bottom,-90.000000
AM3,190.000000,-71.500000,Bottom,-90.000000
AM4,210.000000,-90.500000,Bottom,-90.000000
AM5,87.700000,-71.500000,Bottom,-90.000000
AM6,127.200000,-109.500000,Bottom,-90.000000
AM7,67.200000,-109.500000,Bottom,-90.000000
AM8,112.200000,-109.500000,Bottom,-90.000000
C1,40.700000,-38.900000,Bottom,90.000000
C2,35.500000,-38.900000,Bottom,90.000000
C3,64.074999,-37.300000,Bottom,-90.000000
C4,69.274999,-37.300000,Bottom,90.000000
C5,83.125000,-37.300000,Bottom,-90.000000
C6,88.324999,-37.300000,Bottom,90.000000
C7,102.175000,-37.300000,Bottom,-90.000000
C8,107.375000,-37.300000,Bottom,90.000000
C9,130.750000,-37.300000,Bottom,-90.000000
C10,135.950000,-37.300000,Bottom,90.000000
C11,149.800000,-37.300000,Bottom,-90.000000
C12,155.000000,-37.300000,Bottom,90.000000
C13,168.850000,-37.300000,Bottom,-90.000000
C14,174.050000,-37.300000,Bottom,90.000000
C15,197.425000,-37.300000,Bottom,-90.000000
C16,202.625000,-37.300000,Bottom,90.000000
C17,216.475000,-37.300000,Bottom,-90.000000
C18,221.674999,-37.300000,Bottom,90.000000
C19,235.525000,-37.300000,Bottom,-90.000000
C20,240.725000,-37.300000,Bottom,90.000000
C21,264.100000,-37.300000,Bottom,-90.000000
C22,269.299999,-37.300000,Bottom,90.000000
C23,40.262499,-61.112500,Bottom,-90.000000
C24,45.462499,-61.112500,Bottom,90.000000
C25,64.075000,-61.112500,Bottom,-90.000000
C26,69.274999,-61.112500,Bottom,90.000000
C27,83.125000,-61.112500,Bottom,-90.000000
C28,88.325000,-61.112500,Bottom,90.000000
C29,102.174999,-61.112500,Bottom,-90.000000
C30,107.374999,-61.112500,Bottom,90.000000
C31,121.225000,-61.112500,Bottom,-90.000000
C32,126.425000,-61.112500,Bottom,90.000000
C33,140.275000,-61.112500,Bottom,-90.000000
C34,145.475000,-61.112500,Bottom,90.000000
C35,159.325000,-61.112500,Bottom,-90.000000
C36,164.525000,-61.112500,Bottom,90.000000
C37,178.375000,-61.112500,Bottom,-90.000000
C38,183.575000,-61.112500,Bottom,90.000000
C39,197.425000,-61.112500,Bottom,-90.000000
C40,202.625000,-61.112500,Bottom,90.000000
C41,216.475000,-61.112500,Bottom,-90.000000
C42,221.675000,-61.112500,Bottom,90.000000
C43,235.524999,-61.112500,Bottom,-90.000000
C44,240.725000,-61.112500,Bottom,90.000000
C45,259.337499,-61.112500,Bottom,-90.000000
C46,264.537500,-61.112500,Bottom,90.000000
C47,38.200000,-79.500000,Bottom,-90.000000
C48,42.200000,-78.000000,Bottom,0.000000
C49,68.837499,-80.162500,Bottom,-90.000000
C50,74.037500,-80.162500,Bottom,90.000000
C51,87.887500,-80.162500,Bottom,-90.000000
C52,93.087499,-80.162500,Bottom,90.000000
C53,106.937500,-80.162500,Bottom,-90.000000
C54,112.137499,-80.162500,Bottom,90.000000
C55,125.987500,-80.162500,Bottom,-90.000000
C56,131.187500,-80.162500,Bottom,90.000000
C57,145.037500,-80.162500,Bottom,-90.000000
C58,150.237499,-80.162500,Bottom,90.000000
C59,164.087499,-80.162500,Bottom,-90.000000
C60,169.287500,-80.162500,Bottom,90.000000
C61,183.137500,-80.162500,Bottom,-90.000000
C62,188.337500,-80.162500,Bottom,90.000000
C63,202.187500,-80.162500,Bottom,-90.000000
C64,207.387500,-80.162500,Bottom,90.000000
C65,221.237500,-80.162500,Bottom,-90.000000
C66,226.437500,-80.162500,Bottom,90.000000
C67,240.287500,-80.162500,Bottom,-90.000000
C68,245.487499,-80.162500,Bottom,90.000000
C69,261.718800,-80.162500,Bottom,-90.000000
C70,266.918800,-80.162500,Bottom,90.000000
C71,37.881300,-99.212500,Bottom,-90.000000
C72,50.700000,-102.500000,Bottom,180.000000
C73,59.312500,-99.212500,Bottom,-90.000000
C74,64.512499,-99.212500,Bottom,90.000000
C75,78.362500,-99.212500,Bottom,-90.000000
C76,83.562500,-99.212500,Bottom,90.000000
C77,97.412500,-99.212500,Bottom,-90.000000
C78,102.612500,-99.212500,Bottom,90.000000
C79,116.462500,-99.212500,Bottom,-90.000000
C80,121.662500,-99.212500,Bottom,90.000000
C81,135.512500,-99.212500,Bottom,-90.000000
C82,140.712500,-99.212500,Bottom,90.000000
C83,154.562500,-99.212500,Bottom,-90.000000
C84,159.762500,-99.212500,Bottom,90.000000
C85,173.612500,-99.212500,Bottom,-90.000000
C86,178.812500,-99.212500,Bottom,90.000000
C87,192.662500,-99.212500,Bottom,-90.000000
C88,197.862499,-99.212500,Bottom,90.000000
C89,211.712499,-99.212500,Bottom,-90.000000
C90,216.912500,-99.212500,Bottom,90.000000
C91,230.762500,-99.212500,Bottom,-90.000000
C92,235.962500,-99.212500,Bottom,90.000000
C93,256.556300,-98.412500,Bottom,180.000000
C94,262.556300,-98.412500,Bottom,0.000000
C95,44.671900,-120.662500,Bottom,0.000000
C96,38.671900,-120.662500,Bottom,180.000000
C97,98.250000,-120.662500,Bottom,0.000000
C98,92.250000,-120.662500,Bottom,180.000000
C99,133.968799,-120.662500,Bottom,0.000000
C100,127.968799,-120.662500,Bottom,180.000000
C101,181.593800,-120.662500,Bottom,0.000000
C102,175.593800,-120.662500,Bottom,180.000000
C103,212.550000,-120.662500,Bottom,0.000000
C104,206.550000,-120.662500,Bottom,180.000000
C105,266.128150,-120.662500,Bottom,0.000000
C106,260.128150,-120.662500,Bottom,180.000000
C107,68.437500,-117.462500,Bottom,180.000000
C108,71.700000,-116.500000,Bottom,0.000000
C109,79.200000,-120.662500,Bottom,0.000000
C110,73.200000,-120.662500,Bottom,180.000000
C111,155.400000,-120.662500,Bottom,0.000000
C112,149.400000,-120.662500,Bottom,180.000000
C113,236.362500,-120.662500,Bottom,0.000000
C114,230.362500,-120.662500,Bottom,180.000000
C139,98.000000,-45.637500,Bottom,0.000000
C140,184.800000,-51.525000,Bottom,-90.000000
C141,206.500000,-93.480000,Bottom,-90.000000
C142,186.500000,-74.500000,Bottom,-90.000000
C143,84.200000,-74.500000,Bottom,-90.000000
C144,123.700000,-112.500000,Bottom,-90.000000
C145,63.700000,-112.500000,Bottom,-90.000000
C146,108.700000,-112.500000,Bottom,-90.000000
C148,49.700000,-53.300000,Bottom,-90.000000
C149,43.000000,-53.500000,Bottom,-90.000000
C150,56.750000,-52.662500,Bottom,-90.000000
C151,53.750000,-56.062500,Bottom,0.000000
C152,64.400000,-68.200000,Bottom,-90.000000
C153,70.800000,-68.000000,Bottom,90.000000
C154,62.800000,-66.000000,Bottom,0.000000
C155,48.600000,-72.400000,Bottom,90.000000
C156,59.600000,-63.400000,Bottom,180.000000
C157,63.200000,-64.400000,Bottom,0.000000
C158,63.800000,-73.600000,Bottom,90.000000
C159,66.200000,-73.650000,Bottom,0.000000
C160,71.000000,-70.400000,Bottom,0.000000
F1,60.000000,-49.750000,Bottom,180.000000
HE1,38.100000,-38.100000,Bottom,90.000000
HE2,66.675000,-38.100000,Bottom,-90.000000
HE3,85.725000,-38.100000,Bottom,-90.000000
HE4,104.775000,-38.100000,Bottom,-90.000000
HE5,133.350000,-38.100000,Bottom,-90.000000
HE6,152.400000,-38.100000,Bottom,-90.000000
HE7,171.450000,-38.100000,Bottom,-90.000000
HE8,200.025000,-38.100000,Bottom,-90.000000
HE9,219.075000,-38.100000,Bottom,-90.000000
HE10,238.125000,-38.100000,Bottom,-90.000000
HE11,266.700000,-38.100000,Bottom,-90.000000
HE12,42.862500,-61.912500,Bottom,-90.000000
HE13,66.675000,-61.912500,Bottom,-90.000000
HE14,85.725000,-61.912500,Bottom,-90.000000
HE15,104.775000,-61.912500,Bottom,-90.000000
HE16,123.825000,-61.912500,Bottom,-90.000000
HE17,142.875000,-61.912500,Bottom,-90.000000
HE18,161.925000,-61.912500,Bottom,-90.000000
HE19,180.975000,-61.912500,Bottom,-90.000000
HE20,200.025000,-61.912500,Bottom,-90.000000
HE21,219.075000,-61.912500,Bottom,-90.000000
HE22,238.125000,-61.912500,Bottom,-90.000000
HE23,261.937500,-61.912500,Bottom,-90.000000
HE24,45.243800,-80.962500,Bottom,-90.000000
HE25,71.437500,-80.962500,Bottom,-90.000000
HE26,90.487500,-80.962500,Bottom,-90.000000
HE27,109.537500,-80.962500,Bottom,-90.000000
HE28,128.587500,-80.962500,Bottom,-90.000000
HE29,147.637500,-80.962500,Bottom,-90.000000
HE30,166.687500,-80.962500,Bottom,-90.000000
HE31,185.737500,-80.962500,Bottom,-90.000000
HE32,204.787500,-80.962500,Bottom,-90.000000
HE33,223.837500,-80.962500,Bottom,-90.000000
HE34,242.887500,-80.962500,Bottom,-90.000000
HE35,264.318800,-80.962500,Bottom,-90.000000
HE36,40.481300,-100.012500,Bottom,-90.000000
HE37,61.912500,-100.012500,Bottom,-90.000000
HE38,80.962500,-100.012500,Bottom,-90.000000
HE39,100.012500,-100.012500,Bottom,-90.000000
HE40,119.062500,-100.012500,Bottom,-90.000000
HE41,138.112500,-100.012500,Bottom,-90.000000
HE42,157.162500,-100.012500,Bottom,-90.000000
HE43,176.212500,-100.012500,Bottom,-90.000000
HE44,195.262500,-100.012500,Bottom,-90.000000
HE45,214.312500,-100.012500,Bottom,-90.000000
HE46,233.362500,-100.012500,Bottom,-90.000000
HE47,259.556300,-100.012500,Bottom,-90.000000
HE48,41.671900,-119.062500,Bottom,90.000000
HE49,95.250000,-119.062500,Bottom,90.000000
HE50,130.968800,-119.062500,Bottom,90.000000
HE51,178.593800,-119.062500,Bottom,90.000000
HE52,209.550000,-119.062500,Bottom,90.000000
HE53,263.128150,-119.062500,Bottom,90.000000
HE54,71.437500,-119.062500,Bottom,-90.000000
HE55,76.200000,-119.062500,Bottom,90.000000
HE56,152.400000,-119.062500,Bottom,90.000000
HE57,233.362500,-119.062500,Bottom,90.000000
J1,133.500000,-51.850000,Bottom,0.000000
R3,48.700000,-76.000000,Bottom,90.000000
R4,45.200000,-96.000000,Bottom,90.000000
SW1,55.700000,-93.000000,Bottom,-90.000000
SW2,48.900000,-93.000000,Bottom,90.000000
U1,60.200000,-53.000000,Bottom,180.000000
U2,46.200000,-53.700000,Bottom,180.000000
U3,53.750000,-52.862500,Bottom,90.000000
U4,56.200000,-71.000000,Bottom,180.000000
Y1,67.600000,-68.400000,Bottom,0.000000
